u_1,u_2,angle,velocity,acceleration,results,time
-8.434036884121115e-05,-0.0025831429877788844,-0.9253902539246653,-0.021061981840474194,-0.021061981840474194,0.0,1693076233.3402374
-8.434036884034379e-05,-0.00261602196962102,-0.9665288763285629,-0.04113862240389759,-0.020076640563423395,0.0,1693076233.386336
-5.1461387025888985e-05,0.07026024038589496,-1.0264033668253845,-0.05987449049682163,-0.018735868092924036,0.0,1693076233.4365063
-6.790087793658722e-05,0.08747238689165597,-1.0989271667388558,-0.07252379991347137,-0.01264930941664974,0.0,1693076233.4865723
-3.502189612039769e-05,0.08415160982886558,-1.1822626521009014,-0.08333548536204569,-0.010811685448574313,0.0,1693076233.5362213
-0.00010077985975017468,0.06963553974741173,-1.2762775075649988,-0.09401485546409749,-0.01067937010205181,0.0,1693076233.5911806
-0.12895351200914665,0.012541188620805338,-1.3817076842237344,-0.10543017665873565,-0.011415321194638155,0.0,1693076233.6411984
-0.30363955134532666,-0.003388678042997413,-1.5000892322332,-0.11838154800946574,-0.01295137135073008,0.0,1693076233.6862073
-0.4350404110864755,-0.003651709897803436,-1.6260056170900026,-0.12591638485680262,-0.007534836847336879,0.0,1693076233.7362187
