u_1,u_2,angle,velocity,acceleration,results,time
-0.00013365884156376072,0.3548278031374691,0.924202233516485,-0.0009737123449483148,-0.0009737123449483148,0.0,1693075288.4773314
-0.00011721935065653333,0.35655394940523255,0.9457519562651017,0.021549722748616645,0.02252343509356496,0.0,1693075288.5264902
-8.434036884034379e-05,0.35992404449463855,0.9877307211544404,0.04197876488933866,0.020429042140722012,0.0,1693075288.5765321
-0.00011721935065566597,0.3607624583938879,1.0483781676706514,0.060647446516211116,0.018668681626872456,0.0,1693075288.6265192
-0.00011721935065653333,0.3634420949710714,1.1261059192065865,0.07772775153593511,0.017080305019723994,0.0,1693075288.6765258
-0.00010077985974930592,0.3700836481868152,1.2194927810801963,0.09338686187360973,0.01565911033767461,0.0,1693075288.7295423
-0.00013365884156289336,0.3884629958107937,1.327209768946546,0.1077169878663497,0.01433012599273998,0.0,1693075288.7785535
-6.790087793398376e-05,0.3943154535090184,1.4479868351099427,0.12077706616339677,0.013060078297047069,0.0,1693075288.826544
-0.00011721935065566597,0.3865395757199689,1.5802208708858223,0.13223403577587955,0.011456969612482777,0.0,1693075288.8765795
