u_1,u_2,angle,velocity,acceleration,results,time
-8.434036884034379e-05,-0.005739525246129739,0.8136824346449102,0.0282842712474619,0.0282842712474619,0.0,1692903758.025491
-2.1429143050741285e-06,-0.005723085755190631,0.867920922039751,0.05423848739484087,0.02595421614737897,0.0,1692903758.298568
-0.00010077985974843856,-0.005706646264254089,0.9469436299308381,0.07902270789108712,0.024784220496246245,0.0,1692903758.3445213
-1.8582405211434173e-05,-0.005723085755191486,1.0501601998110666,0.10321656988022851,0.024193861989141384,0.0,1692903758.393597
-8.434036884207851e-05,-0.005805283209876758,1.1773354157879556,0.1271752159768891,0.023958646096660586,0.0,1692903758.4439998
-2.1429143068116273e-06,-0.005640888300507069,1.3282253905415895,0.15088997475363386,0.023714758776744758,0.0,1692903758.4941847
3.07360675093793e-05,-0.005723085755190631,1.5022842321229213,0.17405884158133184,0.023168866827697986,0.0,1692903758.5471969
-6.790087793398376e-05,-0.0057888437189402165,1.698157270908868,0.19587303878594658,0.02181419720461474,0.0,1692903758.597208
