u_1,u_2,angle,velocity,acceleration,results,time
-0.16318053340035055,0.0034665896651456364,-0.8398302577522926,-0.02126697045441002,-0.02126697045441002,0.0,1692984977.672363
-0.1644463742542956,0.003433710683367769,-0.8799330136580117,-0.040102755905719045,-0.01883578545130903,0.0,1692984977.71938
-0.16022142491191985,0.0034008317015899042,-0.9372886969736112,-0.05735568331559952,-0.017252927409880475,0.0,1692984977.7695267
-0.14677392080371435,0.0035323476287013713,-1.0108669423099577,-0.07357824533634642,-0.016222562020746897,0.0,1692984977.8193944
-0.14011592672998555,0.0035159081378124376,-1.1003832258083255,-0.0895162834983678,-0.015938038162021367,0.0,1692984977.8694127
-0.14406140469841847,0.0034501501742575783,-1.2051607473971797,-0.1047775215888542,-0.0152612380904864,0.0,1692984977.9214244
-0.15275789573233914,0.0034501501742567053,-1.3235040407854934,-0.11834329338831376,-0.013565771799459553,0.0,1692984977.9714413
-0.16183249508874367,0.0033843922107000975,-1.45283282694028,-0.12932878615478643,-0.010985492766472663,0.0,1692984978.0194566
-0.1643970557794806,0.07872657796974443,-1.5899117849267705,-0.13707895798649056,-0.0077501718317041285,0.0,1692984978.0694604
