u_1,u_2,angle,velocity,acceleration,results,time
-0.00010077985974843856,0.0009513475581577599,0.7720689469343782,0.027079292283125212,0.027079292283125212,0.0,1692903767.1613734
1.4296576603020638e-05,0.0008855895945497031,0.824291297166017,0.052222350231638744,0.02514305794851353,0.0,1692903767.2111168
-5.1461387025888985e-05,0.0008527106127448045,0.9006081817656433,0.07631688459962624,0.02409453436798749,0.0,1692903767.2611198
-3.502189612126644e-05,0.0009184685763528585,1.0005859209117494,0.09997773914610605,0.02366085454647981,0.0,1692903767.310539
-6.79008779331164e-05,0.0009020290854517166,1.1241703081324272,0.12358438722067794,0.02360664807457189,0.0,1692903767.3606243
-8.434036884294727e-05,0.0009349080672548749,1.2713900290355724,0.14721972090314508,0.023635333682467154,0.0,1692903767.4125426
-5.146138702762371e-05,0.0009349080672566151,1.4420052989152665,0.17061526987969403,0.02339554897654895,0.0,1692903767.4627159
-8.434036884121115e-05,0.0009513475581568884,1.6351130591154617,0.19310776020019516,0.02249249032050113,0.0,1692903767.5110815
