u_1,u_2,angle,velocity,acceleration,results,time
-0.05806642531538222,9.649403113568267e-05,-0.9674266958257283,0.013345684530235425,0.013345684530235425,0.0,1692984989.6199074
-0.05285510661087721,0.00011293352204291008,-0.9845955878194076,-0.01716889199367937,-0.030514576523914795,0.0,1692984989.669519
-0.051474189352937814,1.4296576603020638e-05,-1.0298537951479538,-0.04525820732854631,-0.02808931533486694,0.0,1692984989.7191956
-0.04882743127673072,3.0736067508510546e-05,-1.101227098145302,-0.07137330299734822,-0.026115095668801908,0.0,1692984989.770069
-0.04798901722815764,1.429657660128314e-05,-1.197316141040916,-0.0960890428956141,-0.02471573989826588,0.0,1692984989.8195589
-0.042925653958749435,1.429657660215189e-05,-1.3168201401539636,-0.11950399911304757,-0.02341495621743347,0.0,1692984989.87256
-0.038667825760648145,-3.502189611952894e-05,-1.4587949464871417,-0.14197480633317802,-0.022470807220130454,0.0,1692984989.9219794
-0.030102850907349033,-6.79008779331164e-05,-1.6218895887744613,-0.16309464228731968,-0.021119835954141658,0.0,1692984989.9696457
