u_1,u_2,angle,velocity,acceleration,results,time
-0.014962079675691544,0.0005403602855804463,-1.0044981010202874,-0.009712425772762798,-0.009712425772762798,0.0,1692984999.207171
-0.07176052150652021,0.0005567997764850688,-1.0459002573292804,-0.04140215630899301,-0.03168973053623021,0.0,1692984999.2538478
-0.13214277334693675,0.00045816283105820367,-1.1124990563222341,-0.06659879899295366,-0.025196642683960657,0.0,1692984999.3035119
-0.15663761574489538,0.0005896787582917063,-1.1977722725375541,-0.08527321621532011,-0.01867441722236644,0.0,1692984999.353654
-0.15090023318505913,0.0005403602855795761,-1.297905669238123,-0.1001333967005689,-0.01486018048524879,0.0,1692984999.4035075
-0.10207494350029078,0.01632227141240713,-1.411653799202429,-0.11374812996430586,-0.013614733263736967,0.0,1692984999.455513
-0.02803147503577234,0.17742927667661218,-1.5394316586920018,-0.12777785948957293,-0.014029729525267069,0.0,1692984999.5065258
-8.434036884207851e-05,0.3143373430465803,-1.6571823586904284,-0.11775069999842656,0.010027159491146367,0.0,1692984999.553841
